--
-- PostgreSQL database dump
--

-- Dumped from database version 15.3
-- Dumped by pg_dump version 15.3

SET statement_timeout = 0;
SET lock_timeout = 0;
SET idle_in_transaction_session_timeout = 0;
SET client_encoding = 'UTF8';
SET standard_conforming_strings = on;
SELECT pg_catalog.set_config('search_path', '', false);
SET check_function_bodies = false;
SET xmloption = content;
SET client_min_messages = warning;
SET row_security = off;

SET default_tablespace = '';

SET default_table_access_method = heap;

--
-- Name: auth_group; Type: TABLE; Schema: public; Owner: postgres
--

CREATE TABLE public.auth_group (
    id integer NOT NULL,
    name character varying(150) NOT NULL
);


ALTER TABLE public.auth_group OWNER TO postgres;

--
-- Name: auth_group_id_seq; Type: SEQUENCE; Schema: public; Owner: postgres
--

ALTER TABLE public.auth_group ALTER COLUMN id ADD GENERATED BY DEFAULT AS IDENTITY (
    SEQUENCE NAME public.auth_group_id_seq
    START WITH 1
    INCREMENT BY 1
    NO MINVALUE
    NO MAXVALUE
    CACHE 1
);


--
-- Name: auth_group_permissions; Type: TABLE; Schema: public; Owner: postgres
--

CREATE TABLE public.auth_group_permissions (
    id bigint NOT NULL,
    group_id integer NOT NULL,
    permission_id integer NOT NULL
);


ALTER TABLE public.auth_group_permissions OWNER TO postgres;

--
-- Name: auth_group_permissions_id_seq; Type: SEQUENCE; Schema: public; Owner: postgres
--

ALTER TABLE public.auth_group_permissions ALTER COLUMN id ADD GENERATED BY DEFAULT AS IDENTITY (
    SEQUENCE NAME public.auth_group_permissions_id_seq
    START WITH 1
    INCREMENT BY 1
    NO MINVALUE
    NO MAXVALUE
    CACHE 1
);


--
-- Name: auth_permission; Type: TABLE; Schema: public; Owner: postgres
--

CREATE TABLE public.auth_permission (
    id integer NOT NULL,
    name character varying(255) NOT NULL,
    content_type_id integer NOT NULL,
    codename character varying(100) NOT NULL
);


ALTER TABLE public.auth_permission OWNER TO postgres;

--
-- Name: auth_permission_id_seq; Type: SEQUENCE; Schema: public; Owner: postgres
--

ALTER TABLE public.auth_permission ALTER COLUMN id ADD GENERATED BY DEFAULT AS IDENTITY (
    SEQUENCE NAME public.auth_permission_id_seq
    START WITH 1
    INCREMENT BY 1
    NO MINVALUE
    NO MAXVALUE
    CACHE 1
);


--
-- Name: clothes_baseproduct; Type: TABLE; Schema: public; Owner: postgres
--

CREATE TABLE public.clothes_baseproduct (
    id bigint NOT NULL,
    title character varying(255) NOT NULL,
    slug character varying(255) NOT NULL,
    price numeric(7,2) NOT NULL,
    info text NOT NULL,
    composition text NOT NULL,
    care text NOT NULL,
    type_id bigint NOT NULL,
    care_en text,
    care_ru text,
    composition_en text,
    composition_ru text,
    info_en text,
    info_ru text,
    title_en character varying(255),
    title_ru character varying(255)
);


ALTER TABLE public.clothes_baseproduct OWNER TO postgres;

--
-- Name: clothes_baseproduct_id_seq; Type: SEQUENCE; Schema: public; Owner: postgres
--

ALTER TABLE public.clothes_baseproduct ALTER COLUMN id ADD GENERATED BY DEFAULT AS IDENTITY (
    SEQUENCE NAME public.clothes_baseproduct_id_seq
    START WITH 1
    INCREMENT BY 1
    NO MINVALUE
    NO MAXVALUE
    CACHE 1
);


--
-- Name: clothes_baseproduct_tags; Type: TABLE; Schema: public; Owner: postgres
--

CREATE TABLE public.clothes_baseproduct_tags (
    id bigint NOT NULL,
    baseproduct_id bigint NOT NULL,
    tag_id bigint NOT NULL
);


ALTER TABLE public.clothes_baseproduct_tags OWNER TO postgres;

--
-- Name: clothes_baseproduct_tags_id_seq; Type: SEQUENCE; Schema: public; Owner: postgres
--

ALTER TABLE public.clothes_baseproduct_tags ALTER COLUMN id ADD GENERATED BY DEFAULT AS IDENTITY (
    SEQUENCE NAME public.clothes_baseproduct_tags_id_seq
    START WITH 1
    INCREMENT BY 1
    NO MINVALUE
    NO MAXVALUE
    CACHE 1
);


--
-- Name: clothes_catalog; Type: TABLE; Schema: public; Owner: postgres
--

CREATE TABLE public.clothes_catalog (
    id bigint NOT NULL,
    title character varying(255) NOT NULL,
    slug character varying(255) NOT NULL,
    image character varying(100) NOT NULL,
    title_en character varying(255),
    title_ru character varying(255)
);


ALTER TABLE public.clothes_catalog OWNER TO postgres;

--
-- Name: clothes_catalog_id_seq; Type: SEQUENCE; Schema: public; Owner: postgres
--

ALTER TABLE public.clothes_catalog ALTER COLUMN id ADD GENERATED BY DEFAULT AS IDENTITY (
    SEQUENCE NAME public.clothes_catalog_id_seq
    START WITH 1
    INCREMENT BY 1
    NO MINVALUE
    NO MAXVALUE
    CACHE 1
);


--
-- Name: clothes_color; Type: TABLE; Schema: public; Owner: postgres
--

CREATE TABLE public.clothes_color (
    id bigint NOT NULL,
    title character varying(150) NOT NULL,
    hex character varying(50) NOT NULL,
    title_en character varying(150),
    title_ru character varying(150)
);


ALTER TABLE public.clothes_color OWNER TO postgres;

--
-- Name: clothes_color_id_seq; Type: SEQUENCE; Schema: public; Owner: postgres
--

ALTER TABLE public.clothes_color ALTER COLUMN id ADD GENERATED BY DEFAULT AS IDENTITY (
    SEQUENCE NAME public.clothes_color_id_seq
    START WITH 1
    INCREMENT BY 1
    NO MINVALUE
    NO MAXVALUE
    CACHE 1
);


--
-- Name: clothes_product; Type: TABLE; Schema: public; Owner: postgres
--

CREATE TABLE public.clothes_product (
    id bigint NOT NULL,
    image character varying(100) NOT NULL,
    image_1 character varying(100) NOT NULL,
    image_2 character varying(100) NOT NULL,
    image_3 character varying(100) NOT NULL,
    image_4 character varying(100) NOT NULL,
    image_5 character varying(100) NOT NULL,
    count integer NOT NULL,
    color_id bigint NOT NULL,
    parent_id bigint NOT NULL,
    size_id bigint NOT NULL,
    CONSTRAINT clothes_product_count_check CHECK ((count >= 0))
);


ALTER TABLE public.clothes_product OWNER TO postgres;

--
-- Name: clothes_product_id_seq; Type: SEQUENCE; Schema: public; Owner: postgres
--

ALTER TABLE public.clothes_product ALTER COLUMN id ADD GENERATED BY DEFAULT AS IDENTITY (
    SEQUENCE NAME public.clothes_product_id_seq
    START WITH 1
    INCREMENT BY 1
    NO MINVALUE
    NO MAXVALUE
    CACHE 1
);


--
-- Name: clothes_size; Type: TABLE; Schema: public; Owner: postgres
--

CREATE TABLE public.clothes_size (
    id bigint NOT NULL,
    title character varying(10) NOT NULL
);


ALTER TABLE public.clothes_size OWNER TO postgres;

--
-- Name: clothes_size_id_seq; Type: SEQUENCE; Schema: public; Owner: postgres
--

ALTER TABLE public.clothes_size ALTER COLUMN id ADD GENERATED BY DEFAULT AS IDENTITY (
    SEQUENCE NAME public.clothes_size_id_seq
    START WITH 1
    INCREMENT BY 1
    NO MINVALUE
    NO MAXVALUE
    CACHE 1
);


--
-- Name: clothes_tag; Type: TABLE; Schema: public; Owner: postgres
--

CREATE TABLE public.clothes_tag (
    id bigint NOT NULL,
    title character varying(250) NOT NULL,
    slug character varying(255) NOT NULL,
    title_en character varying(250),
    title_ru character varying(250)
);


ALTER TABLE public.clothes_tag OWNER TO postgres;

--
-- Name: clothes_tag_id_seq; Type: SEQUENCE; Schema: public; Owner: postgres
--

ALTER TABLE public.clothes_tag ALTER COLUMN id ADD GENERATED BY DEFAULT AS IDENTITY (
    SEQUENCE NAME public.clothes_tag_id_seq
    START WITH 1
    INCREMENT BY 1
    NO MINVALUE
    NO MAXVALUE
    CACHE 1
);


--
-- Name: django_admin_log; Type: TABLE; Schema: public; Owner: postgres
--

CREATE TABLE public.django_admin_log (
    id integer NOT NULL,
    action_time timestamp with time zone NOT NULL,
    object_id text,
    object_repr character varying(200) NOT NULL,
    action_flag smallint NOT NULL,
    change_message text NOT NULL,
    content_type_id integer,
    user_id bigint NOT NULL,
    CONSTRAINT django_admin_log_action_flag_check CHECK ((action_flag >= 0))
);


ALTER TABLE public.django_admin_log OWNER TO postgres;

--
-- Name: django_admin_log_id_seq; Type: SEQUENCE; Schema: public; Owner: postgres
--

ALTER TABLE public.django_admin_log ALTER COLUMN id ADD GENERATED BY DEFAULT AS IDENTITY (
    SEQUENCE NAME public.django_admin_log_id_seq
    START WITH 1
    INCREMENT BY 1
    NO MINVALUE
    NO MAXVALUE
    CACHE 1
);


--
-- Name: django_content_type; Type: TABLE; Schema: public; Owner: postgres
--

CREATE TABLE public.django_content_type (
    id integer NOT NULL,
    app_label character varying(100) NOT NULL,
    model character varying(100) NOT NULL
);


ALTER TABLE public.django_content_type OWNER TO postgres;

--
-- Name: django_content_type_id_seq; Type: SEQUENCE; Schema: public; Owner: postgres
--

ALTER TABLE public.django_content_type ALTER COLUMN id ADD GENERATED BY DEFAULT AS IDENTITY (
    SEQUENCE NAME public.django_content_type_id_seq
    START WITH 1
    INCREMENT BY 1
    NO MINVALUE
    NO MAXVALUE
    CACHE 1
);


--
-- Name: django_migrations; Type: TABLE; Schema: public; Owner: postgres
--

CREATE TABLE public.django_migrations (
    id bigint NOT NULL,
    app character varying(255) NOT NULL,
    name character varying(255) NOT NULL,
    applied timestamp with time zone NOT NULL
);


ALTER TABLE public.django_migrations OWNER TO postgres;

--
-- Name: django_migrations_id_seq; Type: SEQUENCE; Schema: public; Owner: postgres
--

ALTER TABLE public.django_migrations ALTER COLUMN id ADD GENERATED BY DEFAULT AS IDENTITY (
    SEQUENCE NAME public.django_migrations_id_seq
    START WITH 1
    INCREMENT BY 1
    NO MINVALUE
    NO MAXVALUE
    CACHE 1
);


--
-- Name: django_session; Type: TABLE; Schema: public; Owner: postgres
--

CREATE TABLE public.django_session (
    session_key character varying(40) NOT NULL,
    session_data text NOT NULL,
    expire_date timestamp with time zone NOT NULL
);


ALTER TABLE public.django_session OWNER TO postgres;

--
-- Name: django_site; Type: TABLE; Schema: public; Owner: postgres
--

CREATE TABLE public.django_site (
    id integer NOT NULL,
    domain character varying(100) NOT NULL,
    name character varying(50) NOT NULL
);


ALTER TABLE public.django_site OWNER TO postgres;

--
-- Name: django_site_id_seq; Type: SEQUENCE; Schema: public; Owner: postgres
--

ALTER TABLE public.django_site ALTER COLUMN id ADD GENERATED BY DEFAULT AS IDENTITY (
    SEQUENCE NAME public.django_site_id_seq
    START WITH 1
    INCREMENT BY 1
    NO MINVALUE
    NO MAXVALUE
    CACHE 1
);


--
-- Name: users_cartproduct; Type: TABLE; Schema: public; Owner: postgres
--

CREATE TABLE public.users_cartproduct (
    id bigint NOT NULL,
    count integer NOT NULL,
    product_id bigint NOT NULL,
    user_id bigint NOT NULL,
    CONSTRAINT users_cartproduct_count_check CHECK ((count >= 0))
);


ALTER TABLE public.users_cartproduct OWNER TO postgres;

--
-- Name: users_cartproduct_id_seq; Type: SEQUENCE; Schema: public; Owner: postgres
--

ALTER TABLE public.users_cartproduct ALTER COLUMN id ADD GENERATED BY DEFAULT AS IDENTITY (
    SEQUENCE NAME public.users_cartproduct_id_seq
    START WITH 1
    INCREMENT BY 1
    NO MINVALUE
    NO MAXVALUE
    CACHE 1
);


--
-- Name: users_mailing_news; Type: TABLE; Schema: public; Owner: postgres
--

CREATE TABLE public.users_mailing_news (
    id bigint NOT NULL,
    email character varying(254) NOT NULL
);


ALTER TABLE public.users_mailing_news OWNER TO postgres;

--
-- Name: users_mailing_news_id_seq; Type: SEQUENCE; Schema: public; Owner: postgres
--

ALTER TABLE public.users_mailing_news ALTER COLUMN id ADD GENERATED BY DEFAULT AS IDENTITY (
    SEQUENCE NAME public.users_mailing_news_id_seq
    START WITH 1
    INCREMENT BY 1
    NO MINVALUE
    NO MAXVALUE
    CACHE 1
);


--
-- Name: users_user; Type: TABLE; Schema: public; Owner: postgres
--

CREATE TABLE public.users_user (
    id bigint NOT NULL,
    password character varying(128) NOT NULL,
    last_login timestamp with time zone,
    is_superuser boolean NOT NULL,
    username character varying(255) NOT NULL,
    email character varying(254) NOT NULL,
    phone character varying(30) NOT NULL,
    date_join timestamp with time zone NOT NULL,
    first_name character varying(255),
    last_name character varying(255),
    city character varying(255),
    is_active boolean NOT NULL,
    is_staff boolean NOT NULL,
    is_verified boolean NOT NULL,
    post_office character varying(255),
    currency character varying(15) NOT NULL,
    city_en character varying(255),
    city_ru character varying(255),
    first_name_en character varying(255),
    first_name_ru character varying(255),
    last_name_en character varying(255),
    last_name_ru character varying(255),
    post_office_en character varying(255),
    post_office_ru character varying(255)
);


ALTER TABLE public.users_user OWNER TO postgres;

--
-- Name: users_user_groups; Type: TABLE; Schema: public; Owner: postgres
--

CREATE TABLE public.users_user_groups (
    id bigint NOT NULL,
    user_id bigint NOT NULL,
    group_id integer NOT NULL
);


ALTER TABLE public.users_user_groups OWNER TO postgres;

--
-- Name: users_user_groups_id_seq; Type: SEQUENCE; Schema: public; Owner: postgres
--

ALTER TABLE public.users_user_groups ALTER COLUMN id ADD GENERATED BY DEFAULT AS IDENTITY (
    SEQUENCE NAME public.users_user_groups_id_seq
    START WITH 1
    INCREMENT BY 1
    NO MINVALUE
    NO MAXVALUE
    CACHE 1
);


--
-- Name: users_user_id_seq; Type: SEQUENCE; Schema: public; Owner: postgres
--

ALTER TABLE public.users_user ALTER COLUMN id ADD GENERATED BY DEFAULT AS IDENTITY (
    SEQUENCE NAME public.users_user_id_seq
    START WITH 1
    INCREMENT BY 1
    NO MINVALUE
    NO MAXVALUE
    CACHE 1
);


--
-- Name: users_user_like_list; Type: TABLE; Schema: public; Owner: postgres
--

CREATE TABLE public.users_user_like_list (
    id bigint NOT NULL,
    user_id bigint NOT NULL,
    baseproduct_id bigint NOT NULL
);


ALTER TABLE public.users_user_like_list OWNER TO postgres;

--
-- Name: users_user_like_list_id_seq; Type: SEQUENCE; Schema: public; Owner: postgres
--

ALTER TABLE public.users_user_like_list ALTER COLUMN id ADD GENERATED BY DEFAULT AS IDENTITY (
    SEQUENCE NAME public.users_user_like_list_id_seq
    START WITH 1
    INCREMENT BY 1
    NO MINVALUE
    NO MAXVALUE
    CACHE 1
);


--
-- Name: users_user_user_permissions; Type: TABLE; Schema: public; Owner: postgres
--

CREATE TABLE public.users_user_user_permissions (
    id bigint NOT NULL,
    user_id bigint NOT NULL,
    permission_id integer NOT NULL
);


ALTER TABLE public.users_user_user_permissions OWNER TO postgres;

--
-- Name: users_user_user_permissions_id_seq; Type: SEQUENCE; Schema: public; Owner: postgres
--

ALTER TABLE public.users_user_user_permissions ALTER COLUMN id ADD GENERATED BY DEFAULT AS IDENTITY (
    SEQUENCE NAME public.users_user_user_permissions_id_seq
    START WITH 1
    INCREMENT BY 1
    NO MINVALUE
    NO MAXVALUE
    CACHE 1
);


--
-- Data for Name: auth_group; Type: TABLE DATA; Schema: public; Owner: postgres
--



--
-- Data for Name: auth_group_permissions; Type: TABLE DATA; Schema: public; Owner: postgres
--



--
-- Data for Name: auth_permission; Type: TABLE DATA; Schema: public; Owner: postgres
--

INSERT INTO public.auth_permission VALUES (1, 'Can add log entry', 1, 'add_logentry');
INSERT INTO public.auth_permission VALUES (2, 'Can change log entry', 1, 'change_logentry');
INSERT INTO public.auth_permission VALUES (3, 'Can delete log entry', 1, 'delete_logentry');
INSERT INTO public.auth_permission VALUES (4, 'Can view log entry', 1, 'view_logentry');
INSERT INTO public.auth_permission VALUES (5, 'Can add permission', 2, 'add_permission');
INSERT INTO public.auth_permission VALUES (6, 'Can change permission', 2, 'change_permission');
INSERT INTO public.auth_permission VALUES (7, 'Can delete permission', 2, 'delete_permission');
INSERT INTO public.auth_permission VALUES (8, 'Can view permission', 2, 'view_permission');
INSERT INTO public.auth_permission VALUES (9, 'Can add group', 3, 'add_group');
INSERT INTO public.auth_permission VALUES (10, 'Can change group', 3, 'change_group');
INSERT INTO public.auth_permission VALUES (11, 'Can delete group', 3, 'delete_group');
INSERT INTO public.auth_permission VALUES (12, 'Can view group', 3, 'view_group');
INSERT INTO public.auth_permission VALUES (13, 'Can add content type', 4, 'add_contenttype');
INSERT INTO public.auth_permission VALUES (14, 'Can change content type', 4, 'change_contenttype');
INSERT INTO public.auth_permission VALUES (15, 'Can delete content type', 4, 'delete_contenttype');
INSERT INTO public.auth_permission VALUES (16, 'Can view content type', 4, 'view_contenttype');
INSERT INTO public.auth_permission VALUES (17, 'Can add session', 5, 'add_session');
INSERT INTO public.auth_permission VALUES (18, 'Can change session', 5, 'change_session');
INSERT INTO public.auth_permission VALUES (19, 'Can delete session', 5, 'delete_session');
INSERT INTO public.auth_permission VALUES (20, 'Can view session', 5, 'view_session');
INSERT INTO public.auth_permission VALUES (21, 'Can add site', 6, 'add_site');
INSERT INTO public.auth_permission VALUES (22, 'Can change site', 6, 'change_site');
INSERT INTO public.auth_permission VALUES (23, 'Can delete site', 6, 'delete_site');
INSERT INTO public.auth_permission VALUES (24, 'Can view site', 6, 'view_site');
INSERT INTO public.auth_permission VALUES (25, 'Can add Базовая Вещь', 7, 'add_baseproduct');
INSERT INTO public.auth_permission VALUES (26, 'Can change Базовая Вещь', 7, 'change_baseproduct');
INSERT INTO public.auth_permission VALUES (27, 'Can delete Базовая Вещь', 7, 'delete_baseproduct');
INSERT INTO public.auth_permission VALUES (28, 'Can view Базовая Вещь', 7, 'view_baseproduct');
INSERT INTO public.auth_permission VALUES (29, 'Can add Каталог', 8, 'add_catalog');
INSERT INTO public.auth_permission VALUES (30, 'Can change Каталог', 8, 'change_catalog');
INSERT INTO public.auth_permission VALUES (31, 'Can delete Каталог', 8, 'delete_catalog');
INSERT INTO public.auth_permission VALUES (32, 'Can view Каталог', 8, 'view_catalog');
INSERT INTO public.auth_permission VALUES (33, 'Can add Цвет', 9, 'add_color');
INSERT INTO public.auth_permission VALUES (34, 'Can change Цвет', 9, 'change_color');
INSERT INTO public.auth_permission VALUES (35, 'Can delete Цвет', 9, 'delete_color');
INSERT INTO public.auth_permission VALUES (36, 'Can view Цвет', 9, 'view_color');
INSERT INTO public.auth_permission VALUES (37, 'Can add Размер', 10, 'add_size');
INSERT INTO public.auth_permission VALUES (38, 'Can change Размер', 10, 'change_size');
INSERT INTO public.auth_permission VALUES (39, 'Can delete Размер', 10, 'delete_size');
INSERT INTO public.auth_permission VALUES (40, 'Can view Размер', 10, 'view_size');
INSERT INTO public.auth_permission VALUES (41, 'Can add Тег', 11, 'add_tag');
INSERT INTO public.auth_permission VALUES (42, 'Can change Тег', 11, 'change_tag');
INSERT INTO public.auth_permission VALUES (43, 'Can delete Тег', 11, 'delete_tag');
INSERT INTO public.auth_permission VALUES (44, 'Can view Тег', 11, 'view_tag');
INSERT INTO public.auth_permission VALUES (45, 'Can add Вещь', 12, 'add_product');
INSERT INTO public.auth_permission VALUES (46, 'Can change Вещь', 12, 'change_product');
INSERT INTO public.auth_permission VALUES (47, 'Can delete Вещь', 12, 'delete_product');
INSERT INTO public.auth_permission VALUES (48, 'Can view Вещь', 12, 'view_product');
INSERT INTO public.auth_permission VALUES (49, 'Can add user', 13, 'add_user');
INSERT INTO public.auth_permission VALUES (50, 'Can change user', 13, 'change_user');
INSERT INTO public.auth_permission VALUES (51, 'Can delete user', 13, 'delete_user');
INSERT INTO public.auth_permission VALUES (52, 'Can view user', 13, 'view_user');
INSERT INTO public.auth_permission VALUES (53, 'Can add country', 14, 'add_country');
INSERT INTO public.auth_permission VALUES (54, 'Can change country', 14, 'change_country');
INSERT INTO public.auth_permission VALUES (55, 'Can delete country', 14, 'delete_country');
INSERT INTO public.auth_permission VALUES (56, 'Can view country', 14, 'view_country');
INSERT INTO public.auth_permission VALUES (57, 'Can add region/state', 15, 'add_region');
INSERT INTO public.auth_permission VALUES (58, 'Can change region/state', 15, 'change_region');
INSERT INTO public.auth_permission VALUES (59, 'Can delete region/state', 15, 'delete_region');
INSERT INTO public.auth_permission VALUES (60, 'Can view region/state', 15, 'view_region');
INSERT INTO public.auth_permission VALUES (61, 'Can add city', 16, 'add_city');
INSERT INTO public.auth_permission VALUES (62, 'Can change city', 16, 'change_city');
INSERT INTO public.auth_permission VALUES (63, 'Can delete city', 16, 'delete_city');
INSERT INTO public.auth_permission VALUES (64, 'Can view city', 16, 'view_city');
INSERT INTO public.auth_permission VALUES (65, 'Can add SubRegion', 17, 'add_subregion');
INSERT INTO public.auth_permission VALUES (66, 'Can change SubRegion', 17, 'change_subregion');
INSERT INTO public.auth_permission VALUES (67, 'Can delete SubRegion', 17, 'delete_subregion');
INSERT INTO public.auth_permission VALUES (68, 'Can view SubRegion', 17, 'view_subregion');
INSERT INTO public.auth_permission VALUES (69, 'Can add cart product', 18, 'add_cartproduct');
INSERT INTO public.auth_permission VALUES (70, 'Can change cart product', 18, 'change_cartproduct');
INSERT INTO public.auth_permission VALUES (71, 'Can delete cart product', 18, 'delete_cartproduct');
INSERT INTO public.auth_permission VALUES (72, 'Can view cart product', 18, 'view_cartproduct');
INSERT INTO public.auth_permission VALUES (73, 'Can add mailing_news', 19, 'add_mailing_news');
INSERT INTO public.auth_permission VALUES (74, 'Can change mailing_news', 19, 'change_mailing_news');
INSERT INTO public.auth_permission VALUES (75, 'Can delete mailing_news', 19, 'delete_mailing_news');
INSERT INTO public.auth_permission VALUES (76, 'Can view mailing_news', 19, 'view_mailing_news');


--
-- Data for Name: clothes_baseproduct; Type: TABLE DATA; Schema: public; Owner: postgres
--

INSERT INTO public.clothes_baseproduct VALUES (1, 'Кремовое пальто', 'kremovoe-palto', 3100.00, 'Элегантное пальто, сделано из специальных материалов.', 'Состав: 50% Шерсть, 50% Полиэстер
Подкладка: 100% Полиэстер
Утеплитель: 90% Пух, 10% Перо', '- Не стирать
- Гладить при температуре утюга до 110°C
- Не отбеливать
- Сухая чистка (химчистка)
- Барабанная сушка запрещена', 4, '- Do not wash
- Iron at iron temperature up to 110°C
- Do not bleach
- Dry cleaning (dry cleaning)
- Tumble drying is prohibited', '- Не стирать
- Гладить при температуре утюга до 110°C
- Не отбеливать
- Сухая чистка (химчистка)
- Барабанная сушка запрещена', 'Composition: 50% Wool, 50% Polyester
Lining: 100% Polyester
Padding: 90% Down, 10% Feather', 'Состав: 50% Шерсть, 50% Полиэстер
Подкладка: 100% Полиэстер
Утеплитель: 90% Пух, 10% Перо', 'An elegant coat made from special materials.', 'Элегантное пальто, сделано из специальных материалов.', 'Cream coat', 'Кремовое пальто');
INSERT INTO public.clothes_baseproduct VALUES (2, 'Белая куртка', 'belaya-kurtka', 4200.00, 'Изумительная белая куртка.', 'Состав: 50% Шерсть, 50% Полиэстер
Подкладка: 100% Полиэстер
Утеплитель: 90% Пух, 10% Перо', '- Не стирать
- Гладить при температуре утюга до 110°C
- Не отбеливать
- Сухая чистка (химчистка)
- Барабанная сушка запрещена', 1, '', '- Не стирать
- Гладить при температуре утюга до 110°C
- Не отбеливать
- Сухая чистка (химчистка)
- Барабанная сушка запрещена', 'Composition: 50% Wool, 50% Polyester
Lining: 100% Polyester
Padding: 90% Down, 10% Feather', 'Состав: 50% Шерсть, 50% Полиэстер
Подкладка: 100% Полиэстер
Утеплитель: 90% Пух, 10% Перо', 'Amazing white jacket.', 'Изумительная белая куртка.', 'White jacket', 'Белая куртка');
INSERT INTO public.clothes_baseproduct VALUES (3, 'Синяя парка', 'sinyaya-kurtka', 5200.00, 'Элегантная синяя парка', 'Состав: 50% Шерсть, 50% Полиэстер
Подкладка: 100% Полиэстер
Утеплитель: 90% Пух, 10% Перо', '- Не стирать
- Гладить при температуре утюга до 110°C
- Не отбеливать
- Сухая чистка (химчистка)
- Барабанная сушка запрещена', 6, NULL, '- Не стирать
- Гладить при температуре утюга до 110°C
- Не отбеливать
- Сухая чистка (химчистка)
- Барабанная сушка запрещена', NULL, 'Состав: 50% Шерсть, 50% Полиэстер
Подкладка: 100% Полиэстер
Утеплитель: 90% Пух, 10% Перо', NULL, 'Элегантная синяя парка', NULL, 'Синяя парка');
INSERT INTO public.clothes_baseproduct VALUES (4, 'Бежевая шуба', 'bezhevaya-shuba', 6200.00, 'Теплая бежевая шуба.', 'Состав: 50% Шерсть, 50% Полиэстер
Подкладка: 100% Полиэстер
Утеплитель: 90% Пух, 10% Перо', '- Не стирать
- Гладить при температуре утюга до 110°C
- Не отбеливать
- Сухая чистка (химчистка)
- Барабанная сушка запрещена', 2, NULL, '- Не стирать
- Гладить при температуре утюга до 110°C
- Не отбеливать
- Сухая чистка (химчистка)
- Барабанная сушка запрещена', NULL, 'Состав: 50% Шерсть, 50% Полиэстер
Подкладка: 100% Полиэстер
Утеплитель: 90% Пух, 10% Перо', NULL, 'Теплая бежевая шуба.', NULL, 'Бежевая шуба');
INSERT INTO public.clothes_baseproduct VALUES (5, 'Синее пальто', 'sinee-palto', 6100.00, 'Красивое, модное синее пальто.', 'Состав: 50% Шерсть, 50% Полиэстер
Подкладка: 100% Полиэстер
Утеплитель: 90% Пух, 10% Перо', '- Не стирать
- Гладить при температуре утюга до 110°C
- Не отбеливать
- Сухая чистка (химчистка)
- Барабанная сушка запрещена', 4, NULL, '- Не стирать
- Гладить при температуре утюга до 110°C
- Не отбеливать
- Сухая чистка (химчистка)
- Барабанная сушка запрещена', NULL, 'Состав: 50% Шерсть, 50% Полиэстер
Подкладка: 100% Полиэстер
Утеплитель: 90% Пух, 10% Перо', NULL, 'Красивое, модное синее пальто.', NULL, 'Синее пальто');


--
-- Data for Name: clothes_baseproduct_tags; Type: TABLE DATA; Schema: public; Owner: postgres
--

INSERT INTO public.clothes_baseproduct_tags VALUES (1, 1, 1);
INSERT INTO public.clothes_baseproduct_tags VALUES (2, 1, 3);
INSERT INTO public.clothes_baseproduct_tags VALUES (3, 2, 2);
INSERT INTO public.clothes_baseproduct_tags VALUES (4, 3, 1);
INSERT INTO public.clothes_baseproduct_tags VALUES (5, 4, 3);
INSERT INTO public.clothes_baseproduct_tags VALUES (6, 5, 2);
INSERT INTO public.clothes_baseproduct_tags VALUES (7, 5, 3);


--
-- Data for Name: clothes_catalog; Type: TABLE DATA; Schema: public; Owner: postgres
--

INSERT INTO public.clothes_catalog VALUES (1, 'Верхняя одежда', 'verhnyaya-odezhda', 'image/catalog/4_IX0WqDI.jpg', 'Outerwear', 'Верхняя одежда');
INSERT INTO public.clothes_catalog VALUES (2, 'Шубы', 'shuby', 'image/catalog/6_JfVWL0A.jpg', 'Fur coats', 'Шубы');
INSERT INTO public.clothes_catalog VALUES (3, 'Тренчи', 'trenchi', 'image/catalog/7_gflUJ23.jpg', 'trench coats', 'Тренчи');
INSERT INTO public.clothes_catalog VALUES (4, 'Пальто', 'palto', 'image/catalog/5_l60fzsy.jpg', 'Coat', 'Пальто');
INSERT INTO public.clothes_catalog VALUES (5, 'Пуховики и жилеты', 'puhoviki-i-zhilety', 'image/catalog/7_gur0KDW.jpg', 'Down jackets and vests', 'Пуховики и жилеты');
INSERT INTO public.clothes_catalog VALUES (6, 'Парки', 'parki', 'image/catalog/7_OZirk6m.jpg', 'parks', 'Парки');


--
-- Data for Name: clothes_color; Type: TABLE DATA; Schema: public; Owner: postgres
--

INSERT INTO public.clothes_color VALUES (1, 'Белый', '#ffffff', NULL, 'Белый');
INSERT INTO public.clothes_color VALUES (2, 'Темное небо меланж', '#6F83A4', NULL, 'Темное небо меланж');
INSERT INTO public.clothes_color VALUES (3, 'Кофе с молоком меланж', '#F1DDAA', NULL, 'Кофе с молоком меланж');


--
-- Data for Name: clothes_product; Type: TABLE DATA; Schema: public; Owner: postgres
--

INSERT INTO public.clothes_product VALUES (1, 'image/products/Rectangle_10.jpg', 'image/products/Rectangle_21.jpg', 'image/products/Rectangle_22.jpg', 'image/products/Rectangle_23.jpg', 'image/products/Rectangle_24.jpg', 'image/products/Rectangle_25.jpg', 18, 3, 1, 4);
INSERT INTO public.clothes_product VALUES (2, 'image/products/Rectangle_10.jpg', 'image/products/Rectangle_21.jpg', 'image/products/Rectangle_22.jpg', 'image/products/Rectangle_23.jpg', 'image/products/Rectangle_24.jpg', 'image/products/Rectangle_25.jpg', 12, 3, 1, 6);
INSERT INTO public.clothes_product VALUES (3, 'image/products/other3.jpg', 'image/products/Rectangle_25.jpg', 'image/products/Rectangle_22.jpg', 'image/products/Rectangle_24.jpg', 'image/products/Rectangle_21.jpg', 'image/products/Rectangle_23.jpg', 9, 1, 1, 4);
INSERT INTO public.clothes_product VALUES (4, 'image/products/13.jpg', 'image/products/Rectangle_25.jpg', 'image/products/Rectangle_21.jpg', 'image/products/Rectangle_22.jpg', 'image/products/Rectangle_23.jpg', 'image/products/Rectangle_24.jpg', 19, 1, 2, 2);
INSERT INTO public.clothes_product VALUES (5, 'image/products/12.jpg', 'image/products/Rectangle_21.jpg', 'image/products/Rectangle_22.jpg', 'image/products/Rectangle_23.jpg', 'image/products/Rectangle_24.jpg', 'image/products/Rectangle_25.jpg', 17, 2, 3, 6);
INSERT INTO public.clothes_product VALUES (6, 'image/products/11.jpg', 'image/products/Rectangle_21.jpg', 'image/products/Rectangle_24.jpg', 'image/products/Rectangle_23.jpg', 'image/products/Rectangle_25.jpg', 'image/products/Rectangle_22.jpg', 6, 2, 4, 3);
INSERT INTO public.clothes_product VALUES (7, 'image/products/10.jpg', 'image/products/Rectangle_23.jpg', 'image/products/Rectangle_21.jpg', 'image/products/Rectangle_22.jpg', 'image/products/Rectangle_25.jpg', 'image/products/Rectangle_24.jpg', 8, 2, 5, 6);


--
-- Data for Name: clothes_size; Type: TABLE DATA; Schema: public; Owner: postgres
--

INSERT INTO public.clothes_size VALUES (1, 'XS');
INSERT INTO public.clothes_size VALUES (2, 'XXS');
INSERT INTO public.clothes_size VALUES (3, 'S');
INSERT INTO public.clothes_size VALUES (4, 'M');
INSERT INTO public.clothes_size VALUES (5, 'L');
INSERT INTO public.clothes_size VALUES (6, 'XL');
INSERT INTO public.clothes_size VALUES (7, 'XXL');


--
-- Data for Name: clothes_tag; Type: TABLE DATA; Schema: public; Owner: postgres
--

INSERT INTO public.clothes_tag VALUES (1, 'New', 'new', NULL, 'New');
INSERT INTO public.clothes_tag VALUES (2, 'Sale', 'sale', NULL, 'Sale');
INSERT INTO public.clothes_tag VALUES (3, 'Bestsellers', 'bestsellers', NULL, 'Bestsellers');


--
-- Data for Name: django_admin_log; Type: TABLE DATA; Schema: public; Owner: postgres
--

INSERT INTO public.django_admin_log VALUES (1, '2023-06-22 21:59:57.182562+05', '1', 'admin', 3, '', 13, 2);
INSERT INTO public.django_admin_log VALUES (2, '2023-06-22 22:01:41.363724+05', '1', 'Белый', 1, '[{"added": {}}]', 9, 2);
INSERT INTO public.django_admin_log VALUES (3, '2023-06-22 22:01:54.270503+05', '2', 'Темное небо меланж', 1, '[{"added": {}}]', 9, 2);
INSERT INTO public.django_admin_log VALUES (4, '2023-06-22 22:02:08.798182+05', '3', 'Кофе с молоком меланж', 1, '[{"added": {}}]', 9, 2);
INSERT INTO public.django_admin_log VALUES (5, '2023-06-22 22:02:26.503576+05', '1', 'New', 1, '[{"added": {}}]', 11, 2);
INSERT INTO public.django_admin_log VALUES (6, '2023-06-22 22:02:30.134523+05', '2', 'Sale', 1, '[{"added": {}}]', 11, 2);
INSERT INTO public.django_admin_log VALUES (7, '2023-06-22 22:02:38.633949+05', '3', 'Bestsellers', 1, '[{"added": {}}]', 11, 2);
INSERT INTO public.django_admin_log VALUES (8, '2023-06-22 22:02:58.295345+05', '1', 'XS', 1, '[{"added": {}}]', 10, 2);
INSERT INTO public.django_admin_log VALUES (9, '2023-06-22 22:03:02.450804+05', '2', 'XXS', 1, '[{"added": {}}]', 10, 2);
INSERT INTO public.django_admin_log VALUES (10, '2023-06-22 22:03:04.828288+05', '3', 'S', 1, '[{"added": {}}]', 10, 2);
INSERT INTO public.django_admin_log VALUES (11, '2023-06-22 22:03:10.336284+05', '4', 'M', 1, '[{"added": {}}]', 10, 2);
INSERT INTO public.django_admin_log VALUES (12, '2023-06-22 22:03:13.489577+05', '5', 'L', 1, '[{"added": {}}]', 10, 2);
INSERT INTO public.django_admin_log VALUES (13, '2023-06-22 22:03:16.427423+05', '6', 'XL', 1, '[{"added": {}}]', 10, 2);
INSERT INTO public.django_admin_log VALUES (14, '2023-06-22 22:03:19.710372+05', '7', 'XXL', 1, '[{"added": {}}]', 10, 2);
INSERT INTO public.django_admin_log VALUES (15, '2023-06-22 22:12:01.548003+05', '1', 'Верхняя одежда', 1, '[{"added": {}}]', 8, 2);
INSERT INTO public.django_admin_log VALUES (16, '2023-06-22 22:12:18.506794+05', '2', 'Шубы', 1, '[{"added": {}}]', 8, 2);
INSERT INTO public.django_admin_log VALUES (17, '2023-06-22 22:12:38.438404+05', '3', 'Тренчи', 1, '[{"added": {}}]', 8, 2);
INSERT INTO public.django_admin_log VALUES (18, '2023-06-22 22:12:57.320485+05', '4', 'Пальто', 1, '[{"added": {}}]', 8, 2);
INSERT INTO public.django_admin_log VALUES (19, '2023-06-22 22:13:23.629214+05', '5', 'Пуховики и жилеты', 1, '[{"added": {}}]', 8, 2);
INSERT INTO public.django_admin_log VALUES (20, '2023-06-22 22:15:56.975956+05', '1', 'Кремовое пальто', 1, '[{"added": {}}]', 7, 2);
INSERT INTO public.django_admin_log VALUES (21, '2023-06-22 22:20:08.877769+05', '2', 'Белая куртка', 1, '[{"added": {}}]', 7, 2);
INSERT INTO public.django_admin_log VALUES (22, '2023-06-22 22:20:55.580469+05', '3', 'Синяя куртка', 1, '[{"added": {}}]', 7, 2);
INSERT INTO public.django_admin_log VALUES (23, '2023-06-22 22:23:22.467186+05', '6', 'Парки', 1, '[{"added": {}}]', 8, 2);
INSERT INTO public.django_admin_log VALUES (24, '2023-06-22 22:24:16.424249+05', '3', 'Синяя парка', 2, '[{"changed": {"fields": ["Title", "Type", "Info"]}}]', 7, 2);
INSERT INTO public.django_admin_log VALUES (25, '2023-06-22 22:26:12.455844+05', '4', 'Бежевая шуба', 1, '[{"added": {}}]', 7, 2);
INSERT INTO public.django_admin_log VALUES (26, '2023-06-22 22:27:48.554948+05', '5', 'Синее пальто', 1, '[{"added": {}}]', 7, 2);
INSERT INTO public.django_admin_log VALUES (27, '2023-06-22 22:29:42.325063+05', '1', 'Product object (1)', 1, '[{"added": {}}]', 12, 2);
INSERT INTO public.django_admin_log VALUES (28, '2023-06-22 22:30:46.690972+05', '2', 'Product object (2)', 1, '[{"added": {}}]', 12, 2);
INSERT INTO public.django_admin_log VALUES (29, '2023-06-22 22:33:10.725995+05', '3', 'Product object (3)', 1, '[{"added": {}}]', 12, 2);
INSERT INTO public.django_admin_log VALUES (30, '2023-06-22 22:34:14.476145+05', '4', 'Product object (4)', 1, '[{"added": {}}]', 12, 2);
INSERT INTO public.django_admin_log VALUES (31, '2023-06-22 22:35:07.280938+05', '5', 'Product object (5)', 1, '[{"added": {}}]', 12, 2);
INSERT INTO public.django_admin_log VALUES (32, '2023-06-22 22:35:49.24487+05', '6', 'Product object (6)', 1, '[{"added": {}}]', 12, 2);
INSERT INTO public.django_admin_log VALUES (33, '2023-06-22 22:39:29.606861+05', '7', 'Product object (7)', 1, '[{"added": {}}]', 12, 2);
INSERT INTO public.django_admin_log VALUES (34, '2023-07-06 01:49:56.993136+05', '3', '1234', 3, '', 13, 2);
INSERT INTO public.django_admin_log VALUES (35, '2023-07-06 01:50:17.201965+05', '2', 'dappes', 2, '[{"changed": {"fields": ["Email address", "Phone number", "\u0418\u043c\u044f", "\u0424\u0430\u043c\u0438\u043b\u0438\u044f"]}}]', 13, 2);
INSERT INTO public.django_admin_log VALUES (36, '2023-07-06 01:50:17.356114+05', '2', 'dappes', 2, '[]', 13, 2);
INSERT INTO public.django_admin_log VALUES (37, '2023-07-18 18:05:54.694036+05', '8', 'Product object (8)', 1, '[{"added": {}}]', 12, 2);
INSERT INTO public.django_admin_log VALUES (38, '2023-07-18 18:07:26.680371+05', '8', 'Product object (8)', 3, '', 12, 2);
INSERT INTO public.django_admin_log VALUES (39, '2023-07-18 18:07:46.501429+05', '7', 'Product object (7)', 2, '[{"changed": {"fields": ["Count"]}}]', 12, 2);
INSERT INTO public.django_admin_log VALUES (40, '2023-07-18 18:22:38.896153+05', '9', 'Product object (9)', 1, '[{"added": {}}]', 12, 2);
INSERT INTO public.django_admin_log VALUES (41, '2023-07-20 02:15:43.7769+05', '9', 'id: 9 --- Кремовое пальто --- size: L --- color: Темное небо меланж', 3, '', 12, 2);
INSERT INTO public.django_admin_log VALUES (42, '2023-08-09 16:07:59.56826+05', '1', 'Кремовое пальто', 2, '[{"changed": {"fields": ["Title [en]", "Info [en]", "Composition [en]", "Care [en]"]}}]', 7, 2);
INSERT INTO public.django_admin_log VALUES (43, '2023-08-09 16:08:42.539041+05', '2', 'Белая куртка', 2, '[{"changed": {"fields": ["Title [en]", "Info [en]", "Composition [en]"]}}]', 7, 2);
INSERT INTO public.django_admin_log VALUES (44, '2023-08-09 16:09:00.083495+05', '1', 'Верхняя одежда', 2, '[{"changed": {"fields": ["Title [en]"]}}]', 8, 2);
INSERT INTO public.django_admin_log VALUES (45, '2023-08-09 16:09:18.417926+05', '2', 'Шубы', 2, '[{"changed": {"fields": ["Title [en]"]}}]', 8, 2);
INSERT INTO public.django_admin_log VALUES (46, '2023-08-09 16:09:29.069794+05', '3', 'Тренчи', 2, '[{"changed": {"fields": ["Title [en]"]}}]', 8, 2);
INSERT INTO public.django_admin_log VALUES (47, '2023-08-09 16:09:41.592766+05', '4', 'Пальто', 2, '[{"changed": {"fields": ["Title [en]"]}}]', 8, 2);
INSERT INTO public.django_admin_log VALUES (48, '2023-08-09 16:09:52.180501+05', '5', 'Пуховики и жилеты', 2, '[{"changed": {"fields": ["Title [en]"]}}]', 8, 2);
INSERT INTO public.django_admin_log VALUES (49, '2023-08-09 16:10:03.258862+05', '6', 'Парки', 2, '[{"changed": {"fields": ["Title [en]"]}}]', 8, 2);


--
-- Data for Name: django_content_type; Type: TABLE DATA; Schema: public; Owner: postgres
--

INSERT INTO public.django_content_type VALUES (1, 'admin', 'logentry');
INSERT INTO public.django_content_type VALUES (2, 'auth', 'permission');
INSERT INTO public.django_content_type VALUES (3, 'auth', 'group');
INSERT INTO public.django_content_type VALUES (4, 'contenttypes', 'contenttype');
INSERT INTO public.django_content_type VALUES (5, 'sessions', 'session');
INSERT INTO public.django_content_type VALUES (6, 'sites', 'site');
INSERT INTO public.django_content_type VALUES (7, 'clothes', 'baseproduct');
INSERT INTO public.django_content_type VALUES (8, 'clothes', 'catalog');
INSERT INTO public.django_content_type VALUES (9, 'clothes', 'color');
INSERT INTO public.django_content_type VALUES (10, 'clothes', 'size');
INSERT INTO public.django_content_type VALUES (11, 'clothes', 'tag');
INSERT INTO public.django_content_type VALUES (12, 'clothes', 'product');
INSERT INTO public.django_content_type VALUES (13, 'users', 'user');
INSERT INTO public.django_content_type VALUES (14, 'cities_light', 'country');
INSERT INTO public.django_content_type VALUES (15, 'cities_light', 'region');
INSERT INTO public.django_content_type VALUES (16, 'cities_light', 'city');
INSERT INTO public.django_content_type VALUES (17, 'cities_light', 'subregion');
INSERT INTO public.django_content_type VALUES (18, 'users', 'cartproduct');
INSERT INTO public.django_content_type VALUES (19, 'users', 'mailing_news');


--
-- Data for Name: django_migrations; Type: TABLE DATA; Schema: public; Owner: postgres
--

INSERT INTO public.django_migrations VALUES (1, 'contenttypes', '0001_initial', '2023-06-22 21:37:28.487113+05');
INSERT INTO public.django_migrations VALUES (2, 'contenttypes', '0002_remove_content_type_name', '2023-06-22 21:37:28.496869+05');
INSERT INTO public.django_migrations VALUES (3, 'auth', '0001_initial', '2023-06-22 21:37:28.53404+05');
INSERT INTO public.django_migrations VALUES (4, 'auth', '0002_alter_permission_name_max_length', '2023-06-22 21:37:28.539025+05');
INSERT INTO public.django_migrations VALUES (5, 'auth', '0003_alter_user_email_max_length', '2023-06-22 21:37:28.54301+05');
INSERT INTO public.django_migrations VALUES (6, 'auth', '0004_alter_user_username_opts', '2023-06-22 21:37:28.547993+05');
INSERT INTO public.django_migrations VALUES (7, 'auth', '0005_alter_user_last_login_null', '2023-06-22 21:37:28.550327+05');
INSERT INTO public.django_migrations VALUES (8, 'auth', '0006_require_contenttypes_0002', '2023-06-22 21:37:28.550327+05');
INSERT INTO public.django_migrations VALUES (9, 'auth', '0007_alter_validators_add_error_messages', '2023-06-22 21:37:28.550327+05');
INSERT INTO public.django_migrations VALUES (10, 'auth', '0008_alter_user_username_max_length', '2023-06-22 21:37:28.550327+05');
INSERT INTO public.django_migrations VALUES (11, 'auth', '0009_alter_user_last_name_max_length', '2023-06-22 21:37:28.565952+05');
INSERT INTO public.django_migrations VALUES (12, 'auth', '0010_alter_group_name_max_length', '2023-06-22 21:37:28.565952+05');
INSERT INTO public.django_migrations VALUES (13, 'auth', '0011_update_proxy_permissions', '2023-06-22 21:37:28.565952+05');
INSERT INTO public.django_migrations VALUES (14, 'auth', '0012_alter_user_first_name_max_length', '2023-06-22 21:37:28.565952+05');
INSERT INTO public.django_migrations VALUES (15, 'users', '0001_initial', '2023-06-22 21:37:28.612821+05');
INSERT INTO public.django_migrations VALUES (16, 'admin', '0001_initial', '2023-06-22 21:37:28.62848+05');
INSERT INTO public.django_migrations VALUES (17, 'admin', '0002_logentry_remove_auto_add', '2023-06-22 21:37:28.644068+05');
INSERT INTO public.django_migrations VALUES (18, 'admin', '0003_logentry_add_action_flag_choices', '2023-06-22 21:37:28.644068+05');
INSERT INTO public.django_migrations VALUES (19, 'clothes', '0001_initial', '2023-06-22 21:37:28.737808+05');
INSERT INTO public.django_migrations VALUES (20, 'sessions', '0001_initial', '2023-06-22 21:37:28.737808+05');
INSERT INTO public.django_migrations VALUES (21, 'sites', '0001_initial', '2023-06-22 21:37:28.753432+05');
INSERT INTO public.django_migrations VALUES (22, 'sites', '0002_alter_domain_unique', '2023-06-22 21:37:28.753432+05');
INSERT INTO public.django_migrations VALUES (23, 'cities_light', '0001_initial', '2023-07-16 18:56:57.528913+05');
INSERT INTO public.django_migrations VALUES (24, 'cities_light', '0002_city', '2023-07-16 18:56:57.626297+05');
INSERT INTO public.django_migrations VALUES (25, 'cities_light', '0003_auto_20141120_0342', '2023-07-16 18:56:57.634898+05');
INSERT INTO public.django_migrations VALUES (26, 'cities_light', '0004_autoslug_update', '2023-07-16 18:56:57.656765+05');
INSERT INTO public.django_migrations VALUES (27, 'cities_light', '0005_blank_phone', '2023-07-16 18:56:57.660305+05');
INSERT INTO public.django_migrations VALUES (28, 'cities_light', '0006_compensate_for_0003_bytestring_bug', '2023-07-16 18:56:57.672477+05');
INSERT INTO public.django_migrations VALUES (29, 'cities_light', '0007_make_country_name_not_unique', '2023-07-16 18:56:57.712954+05');
INSERT INTO public.django_migrations VALUES (30, 'cities_light', '0008_city_timezone', '2023-07-16 18:56:57.730171+05');
INSERT INTO public.django_migrations VALUES (31, 'cities_light', '0009_add_subregion', '2023-07-16 18:56:57.811742+05');
INSERT INTO public.django_migrations VALUES (32, 'cities_light', '0010_auto_20200508_1851', '2023-07-16 18:56:57.860423+05');
INSERT INTO public.django_migrations VALUES (33, 'cities_light', '0011_alter_city_country_alter_city_region_and_more', '2023-07-16 18:56:57.887746+05');
INSERT INTO public.django_migrations VALUES (34, 'users', '0002_rename_address_user_city_user_post_office_and_more', '2023-07-16 19:50:25.309537+05');
INSERT INTO public.django_migrations VALUES (35, 'users', '0003_alter_user_city_alter_user_post_office', '2023-07-19 18:11:38.519874+05');
INSERT INTO public.django_migrations VALUES (36, 'users', '0004_cartproduct_user_cart_list', '2023-07-19 18:11:38.621809+05');
INSERT INTO public.django_migrations VALUES (37, 'users', '0005_user_currency_user_like_list', '2023-07-20 00:17:53.10188+05');
INSERT INTO public.django_migrations VALUES (38, 'users', '0006_alter_user_date_join', '2023-07-20 00:48:01.997242+05');
INSERT INTO public.django_migrations VALUES (39, 'clothes', '0002_baseproduct_care_en_baseproduct_care_ru_and_more', '2023-08-08 20:38:22.652831+05');
INSERT INTO public.django_migrations VALUES (40, 'users', '0007_user_city_en_user_city_ru_user_first_name_en_and_more', '2023-08-08 20:44:18.36202+05');
INSERT INTO public.django_migrations VALUES (41, 'clothes', '0003_baseproduct_care_af_baseproduct_care_ar_and_more', '2023-08-09 13:35:55.469294+05');
INSERT INTO public.django_migrations VALUES (42, 'users', '0008_user_city_af_user_city_ar_user_city_ar_dz_and_more', '2023-08-09 13:36:06.76486+05');
INSERT INTO public.django_migrations VALUES (43, 'clothes', '0004_remove_baseproduct_care_af_and_more', '2023-08-09 13:39:04.614382+05');
INSERT INTO public.django_migrations VALUES (44, 'users', '0009_remove_user_city_af_remove_user_city_ar_and_more', '2023-08-09 13:39:09.221758+05');
INSERT INTO public.django_migrations VALUES (45, 'clothes', '0005_remove_size_title_en_remove_size_title_ru', '2023-08-09 17:50:39.285756+05');
INSERT INTO public.django_migrations VALUES (46, 'users', '0010_mailing_news', '2023-08-20 16:57:47.870893+05');
INSERT INTO public.django_migrations VALUES (47, 'users', '0011_alter_mailing_news_email', '2023-08-20 21:59:05.344419+05');


--
-- Data for Name: django_session; Type: TABLE DATA; Schema: public; Owner: postgres
--

INSERT INTO public.django_session VALUES ('imgts9melctmxdsiusoehnagn4uzp4w8', '.eJxVjs1qwzAQhN9lz0bIsn7sHEuuuSTkVIpZreTYsZGDbB1K8LtXLqE0l4WZb2bYJ1CK0Qf6hgNcL0coYMJwS3jz2Thfs24xrX2bFh_bwWVTvHsWafRhB-6emzOjOaxxsGyPsBdd2Gl2fvp4Zd8Gelz63O6w8VzUndGSk0Jbu0pSpbQSxtmmVlpipxvi0mjn61IRciTFpVBd443dR6dhzF9_ll8FEMYVDk-o9kNzClnJAh5xoBypSs4Z3wqQ_7D5w1L84m37AUdDWXs:1qZVrL:1H3IMacBWWOky0O1wvwu01aN2Od5BkNxQ7Gf8q89WF4', '2023-09-08 17:24:15.20368+05');


--
-- Data for Name: django_site; Type: TABLE DATA; Schema: public; Owner: postgres
--

INSERT INTO public.django_site VALUES (1, 'example.com', 'example.com');


--
-- Data for Name: users_cartproduct; Type: TABLE DATA; Schema: public; Owner: postgres
--

INSERT INTO public.users_cartproduct VALUES (14, 7, 4, 2);
INSERT INTO public.users_cartproduct VALUES (15, 4, 3, 2);


--
-- Data for Name: users_mailing_news; Type: TABLE DATA; Schema: public; Owner: postgres
--

INSERT INTO public.users_mailing_news VALUES (1, 'dappes@mail.ru');
INSERT INTO public.users_mailing_news VALUES (2, 'dd45512@yandex.ru');


--
-- Data for Name: users_user; Type: TABLE DATA; Schema: public; Owner: postgres
--

INSERT INTO public.users_user VALUES (2, 'pbkdf2_sha256$390000$BGwFAIccGxfrWRDU2TRIRc$p5iMy2/nTlkaCUGFyuf9SiWD/k3eVVsW+n2oArB67MY=', '2023-08-20 22:30:24.247623+05', true, 'dappes', 'dd45512@yandex.ru', '+7 950 753 67 15', '2023-07-20 00:44:04.297175+05', 'Данил', 'Пальчиков', 'г. Воронеж', true, true, false, 'ул. Карла Маркса 5а', 'USD', NULL, 'г. Воронеж', NULL, 'Данил', NULL, 'Пальчиков', NULL, 'ул. Карла Маркса 5а');


--
-- Data for Name: users_user_groups; Type: TABLE DATA; Schema: public; Owner: postgres
--



--
-- Data for Name: users_user_like_list; Type: TABLE DATA; Schema: public; Owner: postgres
--

INSERT INTO public.users_user_like_list VALUES (51, 2, 1);


--
-- Data for Name: users_user_user_permissions; Type: TABLE DATA; Schema: public; Owner: postgres
--



--
-- Name: auth_group_id_seq; Type: SEQUENCE SET; Schema: public; Owner: postgres
--

SELECT pg_catalog.setval('public.auth_group_id_seq', 1, false);


--
-- Name: auth_group_permissions_id_seq; Type: SEQUENCE SET; Schema: public; Owner: postgres
--

SELECT pg_catalog.setval('public.auth_group_permissions_id_seq', 1, false);


--
-- Name: auth_permission_id_seq; Type: SEQUENCE SET; Schema: public; Owner: postgres
--

SELECT pg_catalog.setval('public.auth_permission_id_seq', 76, true);


--
-- Name: clothes_baseproduct_id_seq; Type: SEQUENCE SET; Schema: public; Owner: postgres
--

SELECT pg_catalog.setval('public.clothes_baseproduct_id_seq', 5, true);


--
-- Name: clothes_baseproduct_tags_id_seq; Type: SEQUENCE SET; Schema: public; Owner: postgres
--

SELECT pg_catalog.setval('public.clothes_baseproduct_tags_id_seq', 7, true);


--
-- Name: clothes_catalog_id_seq; Type: SEQUENCE SET; Schema: public; Owner: postgres
--

SELECT pg_catalog.setval('public.clothes_catalog_id_seq', 6, true);


--
-- Name: clothes_color_id_seq; Type: SEQUENCE SET; Schema: public; Owner: postgres
--

SELECT pg_catalog.setval('public.clothes_color_id_seq', 3, true);


--
-- Name: clothes_product_id_seq; Type: SEQUENCE SET; Schema: public; Owner: postgres
--

SELECT pg_catalog.setval('public.clothes_product_id_seq', 9, true);


--
-- Name: clothes_size_id_seq; Type: SEQUENCE SET; Schema: public; Owner: postgres
--

SELECT pg_catalog.setval('public.clothes_size_id_seq', 7, true);


--
-- Name: clothes_tag_id_seq; Type: SEQUENCE SET; Schema: public; Owner: postgres
--

SELECT pg_catalog.setval('public.clothes_tag_id_seq', 3, true);


--
-- Name: django_admin_log_id_seq; Type: SEQUENCE SET; Schema: public; Owner: postgres
--

SELECT pg_catalog.setval('public.django_admin_log_id_seq', 49, true);


--
-- Name: django_content_type_id_seq; Type: SEQUENCE SET; Schema: public; Owner: postgres
--

SELECT pg_catalog.setval('public.django_content_type_id_seq', 19, true);


--
-- Name: django_migrations_id_seq; Type: SEQUENCE SET; Schema: public; Owner: postgres
--

SELECT pg_catalog.setval('public.django_migrations_id_seq', 47, true);


--
-- Name: django_site_id_seq; Type: SEQUENCE SET; Schema: public; Owner: postgres
--

SELECT pg_catalog.setval('public.django_site_id_seq', 1, true);


--
-- Name: users_cartproduct_id_seq; Type: SEQUENCE SET; Schema: public; Owner: postgres
--

SELECT pg_catalog.setval('public.users_cartproduct_id_seq', 15, true);


--
-- Name: users_mailing_news_id_seq; Type: SEQUENCE SET; Schema: public; Owner: postgres
--

SELECT pg_catalog.setval('public.users_mailing_news_id_seq', 2, true);


--
-- Name: users_user_groups_id_seq; Type: SEQUENCE SET; Schema: public; Owner: postgres
--

SELECT pg_catalog.setval('public.users_user_groups_id_seq', 1, false);


--
-- Name: users_user_id_seq; Type: SEQUENCE SET; Schema: public; Owner: postgres
--

SELECT pg_catalog.setval('public.users_user_id_seq', 3, true);


--
-- Name: users_user_like_list_id_seq; Type: SEQUENCE SET; Schema: public; Owner: postgres
--

SELECT pg_catalog.setval('public.users_user_like_list_id_seq', 52, true);


--
-- Name: users_user_user_permissions_id_seq; Type: SEQUENCE SET; Schema: public; Owner: postgres
--

SELECT pg_catalog.setval('public.users_user_user_permissions_id_seq', 1, false);


--
-- Name: auth_group auth_group_name_key; Type: CONSTRAINT; Schema: public; Owner: postgres
--

ALTER TABLE ONLY public.auth_group
    ADD CONSTRAINT auth_group_name_key UNIQUE (name);


--
-- Name: auth_group_permissions auth_group_permissions_group_id_permission_id_0cd325b0_uniq; Type: CONSTRAINT; Schema: public; Owner: postgres
--

ALTER TABLE ONLY public.auth_group_permissions
    ADD CONSTRAINT auth_group_permissions_group_id_permission_id_0cd325b0_uniq UNIQUE (group_id, permission_id);


--
-- Name: auth_group_permissions auth_group_permissions_pkey; Type: CONSTRAINT; Schema: public; Owner: postgres
--

ALTER TABLE ONLY public.auth_group_permissions
    ADD CONSTRAINT auth_group_permissions_pkey PRIMARY KEY (id);


--
-- Name: auth_group auth_group_pkey; Type: CONSTRAINT; Schema: public; Owner: postgres
--

ALTER TABLE ONLY public.auth_group
    ADD CONSTRAINT auth_group_pkey PRIMARY KEY (id);


--
-- Name: auth_permission auth_permission_content_type_id_codename_01ab375a_uniq; Type: CONSTRAINT; Schema: public; Owner: postgres
--

ALTER TABLE ONLY public.auth_permission
    ADD CONSTRAINT auth_permission_content_type_id_codename_01ab375a_uniq UNIQUE (content_type_id, codename);


--
-- Name: auth_permission auth_permission_pkey; Type: CONSTRAINT; Schema: public; Owner: postgres
--

ALTER TABLE ONLY public.auth_permission
    ADD CONSTRAINT auth_permission_pkey PRIMARY KEY (id);


--
-- Name: clothes_baseproduct clothes_baseproduct_pkey; Type: CONSTRAINT; Schema: public; Owner: postgres
--

ALTER TABLE ONLY public.clothes_baseproduct
    ADD CONSTRAINT clothes_baseproduct_pkey PRIMARY KEY (id);


--
-- Name: clothes_baseproduct clothes_baseproduct_slug_key; Type: CONSTRAINT; Schema: public; Owner: postgres
--

ALTER TABLE ONLY public.clothes_baseproduct
    ADD CONSTRAINT clothes_baseproduct_slug_key UNIQUE (slug);


--
-- Name: clothes_baseproduct_tags clothes_baseproduct_tags_baseproduct_id_tag_id_540e93ac_uniq; Type: CONSTRAINT; Schema: public; Owner: postgres
--

ALTER TABLE ONLY public.clothes_baseproduct_tags
    ADD CONSTRAINT clothes_baseproduct_tags_baseproduct_id_tag_id_540e93ac_uniq UNIQUE (baseproduct_id, tag_id);


--
-- Name: clothes_baseproduct_tags clothes_baseproduct_tags_pkey; Type: CONSTRAINT; Schema: public; Owner: postgres
--

ALTER TABLE ONLY public.clothes_baseproduct_tags
    ADD CONSTRAINT clothes_baseproduct_tags_pkey PRIMARY KEY (id);


--
-- Name: clothes_catalog clothes_catalog_pkey; Type: CONSTRAINT; Schema: public; Owner: postgres
--

ALTER TABLE ONLY public.clothes_catalog
    ADD CONSTRAINT clothes_catalog_pkey PRIMARY KEY (id);


--
-- Name: clothes_catalog clothes_catalog_slug_key; Type: CONSTRAINT; Schema: public; Owner: postgres
--

ALTER TABLE ONLY public.clothes_catalog
    ADD CONSTRAINT clothes_catalog_slug_key UNIQUE (slug);


--
-- Name: clothes_color clothes_color_pkey; Type: CONSTRAINT; Schema: public; Owner: postgres
--

ALTER TABLE ONLY public.clothes_color
    ADD CONSTRAINT clothes_color_pkey PRIMARY KEY (id);


--
-- Name: clothes_product clothes_product_pkey; Type: CONSTRAINT; Schema: public; Owner: postgres
--

ALTER TABLE ONLY public.clothes_product
    ADD CONSTRAINT clothes_product_pkey PRIMARY KEY (id);


--
-- Name: clothes_size clothes_size_pkey; Type: CONSTRAINT; Schema: public; Owner: postgres
--

ALTER TABLE ONLY public.clothes_size
    ADD CONSTRAINT clothes_size_pkey PRIMARY KEY (id);


--
-- Name: clothes_tag clothes_tag_pkey; Type: CONSTRAINT; Schema: public; Owner: postgres
--

ALTER TABLE ONLY public.clothes_tag
    ADD CONSTRAINT clothes_tag_pkey PRIMARY KEY (id);


--
-- Name: clothes_tag clothes_tag_slug_key; Type: CONSTRAINT; Schema: public; Owner: postgres
--

ALTER TABLE ONLY public.clothes_tag
    ADD CONSTRAINT clothes_tag_slug_key UNIQUE (slug);


--
-- Name: django_admin_log django_admin_log_pkey; Type: CONSTRAINT; Schema: public; Owner: postgres
--

ALTER TABLE ONLY public.django_admin_log
    ADD CONSTRAINT django_admin_log_pkey PRIMARY KEY (id);


--
-- Name: django_content_type django_content_type_app_label_model_76bd3d3b_uniq; Type: CONSTRAINT; Schema: public; Owner: postgres
--

ALTER TABLE ONLY public.django_content_type
    ADD CONSTRAINT django_content_type_app_label_model_76bd3d3b_uniq UNIQUE (app_label, model);


--
-- Name: django_content_type django_content_type_pkey; Type: CONSTRAINT; Schema: public; Owner: postgres
--

ALTER TABLE ONLY public.django_content_type
    ADD CONSTRAINT django_content_type_pkey PRIMARY KEY (id);


--
-- Name: django_migrations django_migrations_pkey; Type: CONSTRAINT; Schema: public; Owner: postgres
--

ALTER TABLE ONLY public.django_migrations
    ADD CONSTRAINT django_migrations_pkey PRIMARY KEY (id);


--
-- Name: django_session django_session_pkey; Type: CONSTRAINT; Schema: public; Owner: postgres
--

ALTER TABLE ONLY public.django_session
    ADD CONSTRAINT django_session_pkey PRIMARY KEY (session_key);


--
-- Name: django_site django_site_domain_a2e37b91_uniq; Type: CONSTRAINT; Schema: public; Owner: postgres
--

ALTER TABLE ONLY public.django_site
    ADD CONSTRAINT django_site_domain_a2e37b91_uniq UNIQUE (domain);


--
-- Name: django_site django_site_pkey; Type: CONSTRAINT; Schema: public; Owner: postgres
--

ALTER TABLE ONLY public.django_site
    ADD CONSTRAINT django_site_pkey PRIMARY KEY (id);


--
-- Name: clothes_product unique_product; Type: CONSTRAINT; Schema: public; Owner: postgres
--

ALTER TABLE ONLY public.clothes_product
    ADD CONSTRAINT unique_product UNIQUE (parent_id, color_id, size_id);


--
-- Name: users_cartproduct users_cartproduct_pkey; Type: CONSTRAINT; Schema: public; Owner: postgres
--

ALTER TABLE ONLY public.users_cartproduct
    ADD CONSTRAINT users_cartproduct_pkey PRIMARY KEY (id);


--
-- Name: users_mailing_news users_mailing_news_email_22285b01_uniq; Type: CONSTRAINT; Schema: public; Owner: postgres
--

ALTER TABLE ONLY public.users_mailing_news
    ADD CONSTRAINT users_mailing_news_email_22285b01_uniq UNIQUE (email);


--
-- Name: users_mailing_news users_mailing_news_pkey; Type: CONSTRAINT; Schema: public; Owner: postgres
--

ALTER TABLE ONLY public.users_mailing_news
    ADD CONSTRAINT users_mailing_news_pkey PRIMARY KEY (id);


--
-- Name: users_user users_user_email_243f6e77_uniq; Type: CONSTRAINT; Schema: public; Owner: postgres
--

ALTER TABLE ONLY public.users_user
    ADD CONSTRAINT users_user_email_243f6e77_uniq UNIQUE (email);


--
-- Name: users_user_groups users_user_groups_pkey; Type: CONSTRAINT; Schema: public; Owner: postgres
--

ALTER TABLE ONLY public.users_user_groups
    ADD CONSTRAINT users_user_groups_pkey PRIMARY KEY (id);


--
-- Name: users_user_groups users_user_groups_user_id_group_id_b88eab82_uniq; Type: CONSTRAINT; Schema: public; Owner: postgres
--

ALTER TABLE ONLY public.users_user_groups
    ADD CONSTRAINT users_user_groups_user_id_group_id_b88eab82_uniq UNIQUE (user_id, group_id);


--
-- Name: users_user_like_list users_user_like_list_pkey; Type: CONSTRAINT; Schema: public; Owner: postgres
--

ALTER TABLE ONLY public.users_user_like_list
    ADD CONSTRAINT users_user_like_list_pkey PRIMARY KEY (id);


--
-- Name: users_user_like_list users_user_like_list_user_id_baseproduct_id_53b30ffd_uniq; Type: CONSTRAINT; Schema: public; Owner: postgres
--

ALTER TABLE ONLY public.users_user_like_list
    ADD CONSTRAINT users_user_like_list_user_id_baseproduct_id_53b30ffd_uniq UNIQUE (user_id, baseproduct_id);


--
-- Name: users_user users_user_phone_fe37f55c_uniq; Type: CONSTRAINT; Schema: public; Owner: postgres
--

ALTER TABLE ONLY public.users_user
    ADD CONSTRAINT users_user_phone_fe37f55c_uniq UNIQUE (phone);


--
-- Name: users_user users_user_pkey; Type: CONSTRAINT; Schema: public; Owner: postgres
--

ALTER TABLE ONLY public.users_user
    ADD CONSTRAINT users_user_pkey PRIMARY KEY (id);


--
-- Name: users_user_user_permissions users_user_user_permissions_pkey; Type: CONSTRAINT; Schema: public; Owner: postgres
--

ALTER TABLE ONLY public.users_user_user_permissions
    ADD CONSTRAINT users_user_user_permissions_pkey PRIMARY KEY (id);


--
-- Name: users_user_user_permissions users_user_user_permissions_user_id_permission_id_43338c45_uniq; Type: CONSTRAINT; Schema: public; Owner: postgres
--

ALTER TABLE ONLY public.users_user_user_permissions
    ADD CONSTRAINT users_user_user_permissions_user_id_permission_id_43338c45_uniq UNIQUE (user_id, permission_id);


--
-- Name: users_user users_user_username_email_phone_fb4b62f6_uniq; Type: CONSTRAINT; Schema: public; Owner: postgres
--

ALTER TABLE ONLY public.users_user
    ADD CONSTRAINT users_user_username_email_phone_fb4b62f6_uniq UNIQUE (username, email, phone);


--
-- Name: users_user users_user_username_key; Type: CONSTRAINT; Schema: public; Owner: postgres
--

ALTER TABLE ONLY public.users_user
    ADD CONSTRAINT users_user_username_key UNIQUE (username);


--
-- Name: auth_group_name_a6ea08ec_like; Type: INDEX; Schema: public; Owner: postgres
--

CREATE INDEX auth_group_name_a6ea08ec_like ON public.auth_group USING btree (name varchar_pattern_ops);


--
-- Name: auth_group_permissions_group_id_b120cbf9; Type: INDEX; Schema: public; Owner: postgres
--

CREATE INDEX auth_group_permissions_group_id_b120cbf9 ON public.auth_group_permissions USING btree (group_id);


--
-- Name: auth_group_permissions_permission_id_84c5c92e; Type: INDEX; Schema: public; Owner: postgres
--

CREATE INDEX auth_group_permissions_permission_id_84c5c92e ON public.auth_group_permissions USING btree (permission_id);


--
-- Name: auth_permission_content_type_id_2f476e4b; Type: INDEX; Schema: public; Owner: postgres
--

CREATE INDEX auth_permission_content_type_id_2f476e4b ON public.auth_permission USING btree (content_type_id);


--
-- Name: clothes_baseproduct_slug_594e9a1b_like; Type: INDEX; Schema: public; Owner: postgres
--

CREATE INDEX clothes_baseproduct_slug_594e9a1b_like ON public.clothes_baseproduct USING btree (slug varchar_pattern_ops);


--
-- Name: clothes_baseproduct_tags_baseproduct_id_8fc2dff9; Type: INDEX; Schema: public; Owner: postgres
--

CREATE INDEX clothes_baseproduct_tags_baseproduct_id_8fc2dff9 ON public.clothes_baseproduct_tags USING btree (baseproduct_id);


--
-- Name: clothes_baseproduct_tags_tag_id_96724fca; Type: INDEX; Schema: public; Owner: postgres
--

CREATE INDEX clothes_baseproduct_tags_tag_id_96724fca ON public.clothes_baseproduct_tags USING btree (tag_id);


--
-- Name: clothes_baseproduct_title_59cba954; Type: INDEX; Schema: public; Owner: postgres
--

CREATE INDEX clothes_baseproduct_title_59cba954 ON public.clothes_baseproduct USING btree (title);


--
-- Name: clothes_baseproduct_title_59cba954_like; Type: INDEX; Schema: public; Owner: postgres
--

CREATE INDEX clothes_baseproduct_title_59cba954_like ON public.clothes_baseproduct USING btree (title varchar_pattern_ops);


--
-- Name: clothes_baseproduct_title_en_2e7d0403; Type: INDEX; Schema: public; Owner: postgres
--

CREATE INDEX clothes_baseproduct_title_en_2e7d0403 ON public.clothes_baseproduct USING btree (title_en);


--
-- Name: clothes_baseproduct_title_en_2e7d0403_like; Type: INDEX; Schema: public; Owner: postgres
--

CREATE INDEX clothes_baseproduct_title_en_2e7d0403_like ON public.clothes_baseproduct USING btree (title_en varchar_pattern_ops);


--
-- Name: clothes_baseproduct_title_ru_5c003268; Type: INDEX; Schema: public; Owner: postgres
--

CREATE INDEX clothes_baseproduct_title_ru_5c003268 ON public.clothes_baseproduct USING btree (title_ru);


--
-- Name: clothes_baseproduct_title_ru_5c003268_like; Type: INDEX; Schema: public; Owner: postgres
--

CREATE INDEX clothes_baseproduct_title_ru_5c003268_like ON public.clothes_baseproduct USING btree (title_ru varchar_pattern_ops);


--
-- Name: clothes_baseproduct_type_id_c9b434a1; Type: INDEX; Schema: public; Owner: postgres
--

CREATE INDEX clothes_baseproduct_type_id_c9b434a1 ON public.clothes_baseproduct USING btree (type_id);


--
-- Name: clothes_catalog_slug_1bd41368_like; Type: INDEX; Schema: public; Owner: postgres
--

CREATE INDEX clothes_catalog_slug_1bd41368_like ON public.clothes_catalog USING btree (slug varchar_pattern_ops);


--
-- Name: clothes_catalog_title_6988463a; Type: INDEX; Schema: public; Owner: postgres
--

CREATE INDEX clothes_catalog_title_6988463a ON public.clothes_catalog USING btree (title);


--
-- Name: clothes_catalog_title_6988463a_like; Type: INDEX; Schema: public; Owner: postgres
--

CREATE INDEX clothes_catalog_title_6988463a_like ON public.clothes_catalog USING btree (title varchar_pattern_ops);


--
-- Name: clothes_catalog_title_en_10443005; Type: INDEX; Schema: public; Owner: postgres
--

CREATE INDEX clothes_catalog_title_en_10443005 ON public.clothes_catalog USING btree (title_en);


--
-- Name: clothes_catalog_title_en_10443005_like; Type: INDEX; Schema: public; Owner: postgres
--

CREATE INDEX clothes_catalog_title_en_10443005_like ON public.clothes_catalog USING btree (title_en varchar_pattern_ops);


--
-- Name: clothes_catalog_title_ru_6ef07745; Type: INDEX; Schema: public; Owner: postgres
--

CREATE INDEX clothes_catalog_title_ru_6ef07745 ON public.clothes_catalog USING btree (title_ru);


--
-- Name: clothes_catalog_title_ru_6ef07745_like; Type: INDEX; Schema: public; Owner: postgres
--

CREATE INDEX clothes_catalog_title_ru_6ef07745_like ON public.clothes_catalog USING btree (title_ru varchar_pattern_ops);


--
-- Name: clothes_product_color_id_9090c0da; Type: INDEX; Schema: public; Owner: postgres
--

CREATE INDEX clothes_product_color_id_9090c0da ON public.clothes_product USING btree (color_id);


--
-- Name: clothes_product_parent_id_e2fccc84; Type: INDEX; Schema: public; Owner: postgres
--

CREATE INDEX clothes_product_parent_id_e2fccc84 ON public.clothes_product USING btree (parent_id);


--
-- Name: clothes_product_size_id_32a2a977; Type: INDEX; Schema: public; Owner: postgres
--

CREATE INDEX clothes_product_size_id_32a2a977 ON public.clothes_product USING btree (size_id);


--
-- Name: clothes_tag_slug_3fdba414_like; Type: INDEX; Schema: public; Owner: postgres
--

CREATE INDEX clothes_tag_slug_3fdba414_like ON public.clothes_tag USING btree (slug varchar_pattern_ops);


--
-- Name: django_admin_log_content_type_id_c4bce8eb; Type: INDEX; Schema: public; Owner: postgres
--

CREATE INDEX django_admin_log_content_type_id_c4bce8eb ON public.django_admin_log USING btree (content_type_id);


--
-- Name: django_admin_log_user_id_c564eba6; Type: INDEX; Schema: public; Owner: postgres
--

CREATE INDEX django_admin_log_user_id_c564eba6 ON public.django_admin_log USING btree (user_id);


--
-- Name: django_session_expire_date_a5c62663; Type: INDEX; Schema: public; Owner: postgres
--

CREATE INDEX django_session_expire_date_a5c62663 ON public.django_session USING btree (expire_date);


--
-- Name: django_session_session_key_c0390e0f_like; Type: INDEX; Schema: public; Owner: postgres
--

CREATE INDEX django_session_session_key_c0390e0f_like ON public.django_session USING btree (session_key varchar_pattern_ops);


--
-- Name: django_site_domain_a2e37b91_like; Type: INDEX; Schema: public; Owner: postgres
--

CREATE INDEX django_site_domain_a2e37b91_like ON public.django_site USING btree (domain varchar_pattern_ops);


--
-- Name: users_cartproduct_product_id_4aee31b8; Type: INDEX; Schema: public; Owner: postgres
--

CREATE INDEX users_cartproduct_product_id_4aee31b8 ON public.users_cartproduct USING btree (product_id);


--
-- Name: users_cartproduct_user_id_fd3c7309; Type: INDEX; Schema: public; Owner: postgres
--

CREATE INDEX users_cartproduct_user_id_fd3c7309 ON public.users_cartproduct USING btree (user_id);


--
-- Name: users_mailing_news_email_22285b01_like; Type: INDEX; Schema: public; Owner: postgres
--

CREATE INDEX users_mailing_news_email_22285b01_like ON public.users_mailing_news USING btree (email varchar_pattern_ops);


--
-- Name: users_user_email_243f6e77_like; Type: INDEX; Schema: public; Owner: postgres
--

CREATE INDEX users_user_email_243f6e77_like ON public.users_user USING btree (email varchar_pattern_ops);


--
-- Name: users_user_groups_group_id_9afc8d0e; Type: INDEX; Schema: public; Owner: postgres
--

CREATE INDEX users_user_groups_group_id_9afc8d0e ON public.users_user_groups USING btree (group_id);


--
-- Name: users_user_groups_user_id_5f6f5a90; Type: INDEX; Schema: public; Owner: postgres
--

CREATE INDEX users_user_groups_user_id_5f6f5a90 ON public.users_user_groups USING btree (user_id);


--
-- Name: users_user_like_list_baseproduct_id_ad891292; Type: INDEX; Schema: public; Owner: postgres
--

CREATE INDEX users_user_like_list_baseproduct_id_ad891292 ON public.users_user_like_list USING btree (baseproduct_id);


--
-- Name: users_user_like_list_user_id_25db97b9; Type: INDEX; Schema: public; Owner: postgres
--

CREATE INDEX users_user_like_list_user_id_25db97b9 ON public.users_user_like_list USING btree (user_id);


--
-- Name: users_user_phone_fe37f55c_like; Type: INDEX; Schema: public; Owner: postgres
--

CREATE INDEX users_user_phone_fe37f55c_like ON public.users_user USING btree (phone varchar_pattern_ops);


--
-- Name: users_user_user_permissions_permission_id_0b93982e; Type: INDEX; Schema: public; Owner: postgres
--

CREATE INDEX users_user_user_permissions_permission_id_0b93982e ON public.users_user_user_permissions USING btree (permission_id);


--
-- Name: users_user_user_permissions_user_id_20aca447; Type: INDEX; Schema: public; Owner: postgres
--

CREATE INDEX users_user_user_permissions_user_id_20aca447 ON public.users_user_user_permissions USING btree (user_id);


--
-- Name: users_user_username_06e46fe6_like; Type: INDEX; Schema: public; Owner: postgres
--

CREATE INDEX users_user_username_06e46fe6_like ON public.users_user USING btree (username varchar_pattern_ops);


--
-- Name: auth_group_permissions auth_group_permissio_permission_id_84c5c92e_fk_auth_perm; Type: FK CONSTRAINT; Schema: public; Owner: postgres
--

ALTER TABLE ONLY public.auth_group_permissions
    ADD CONSTRAINT auth_group_permissio_permission_id_84c5c92e_fk_auth_perm FOREIGN KEY (permission_id) REFERENCES public.auth_permission(id) DEFERRABLE INITIALLY DEFERRED;


--
-- Name: auth_group_permissions auth_group_permissions_group_id_b120cbf9_fk_auth_group_id; Type: FK CONSTRAINT; Schema: public; Owner: postgres
--

ALTER TABLE ONLY public.auth_group_permissions
    ADD CONSTRAINT auth_group_permissions_group_id_b120cbf9_fk_auth_group_id FOREIGN KEY (group_id) REFERENCES public.auth_group(id) DEFERRABLE INITIALLY DEFERRED;


--
-- Name: auth_permission auth_permission_content_type_id_2f476e4b_fk_django_co; Type: FK CONSTRAINT; Schema: public; Owner: postgres
--

ALTER TABLE ONLY public.auth_permission
    ADD CONSTRAINT auth_permission_content_type_id_2f476e4b_fk_django_co FOREIGN KEY (content_type_id) REFERENCES public.django_content_type(id) DEFERRABLE INITIALLY DEFERRED;


--
-- Name: clothes_baseproduct_tags clothes_baseproduct__baseproduct_id_8fc2dff9_fk_clothes_b; Type: FK CONSTRAINT; Schema: public; Owner: postgres
--

ALTER TABLE ONLY public.clothes_baseproduct_tags
    ADD CONSTRAINT clothes_baseproduct__baseproduct_id_8fc2dff9_fk_clothes_b FOREIGN KEY (baseproduct_id) REFERENCES public.clothes_baseproduct(id) DEFERRABLE INITIALLY DEFERRED;


--
-- Name: clothes_baseproduct_tags clothes_baseproduct_tags_tag_id_96724fca_fk_clothes_tag_id; Type: FK CONSTRAINT; Schema: public; Owner: postgres
--

ALTER TABLE ONLY public.clothes_baseproduct_tags
    ADD CONSTRAINT clothes_baseproduct_tags_tag_id_96724fca_fk_clothes_tag_id FOREIGN KEY (tag_id) REFERENCES public.clothes_tag(id) DEFERRABLE INITIALLY DEFERRED;


--
-- Name: clothes_baseproduct clothes_baseproduct_type_id_c9b434a1_fk_clothes_catalog_id; Type: FK CONSTRAINT; Schema: public; Owner: postgres
--

ALTER TABLE ONLY public.clothes_baseproduct
    ADD CONSTRAINT clothes_baseproduct_type_id_c9b434a1_fk_clothes_catalog_id FOREIGN KEY (type_id) REFERENCES public.clothes_catalog(id) DEFERRABLE INITIALLY DEFERRED;


--
-- Name: clothes_product clothes_product_color_id_9090c0da_fk_clothes_color_id; Type: FK CONSTRAINT; Schema: public; Owner: postgres
--

ALTER TABLE ONLY public.clothes_product
    ADD CONSTRAINT clothes_product_color_id_9090c0da_fk_clothes_color_id FOREIGN KEY (color_id) REFERENCES public.clothes_color(id) DEFERRABLE INITIALLY DEFERRED;


--
-- Name: clothes_product clothes_product_parent_id_e2fccc84_fk_clothes_baseproduct_id; Type: FK CONSTRAINT; Schema: public; Owner: postgres
--

ALTER TABLE ONLY public.clothes_product
    ADD CONSTRAINT clothes_product_parent_id_e2fccc84_fk_clothes_baseproduct_id FOREIGN KEY (parent_id) REFERENCES public.clothes_baseproduct(id) DEFERRABLE INITIALLY DEFERRED;


--
-- Name: clothes_product clothes_product_size_id_32a2a977_fk_clothes_size_id; Type: FK CONSTRAINT; Schema: public; Owner: postgres
--

ALTER TABLE ONLY public.clothes_product
    ADD CONSTRAINT clothes_product_size_id_32a2a977_fk_clothes_size_id FOREIGN KEY (size_id) REFERENCES public.clothes_size(id) DEFERRABLE INITIALLY DEFERRED;


--
-- Name: django_admin_log django_admin_log_content_type_id_c4bce8eb_fk_django_co; Type: FK CONSTRAINT; Schema: public; Owner: postgres
--

ALTER TABLE ONLY public.django_admin_log
    ADD CONSTRAINT django_admin_log_content_type_id_c4bce8eb_fk_django_co FOREIGN KEY (content_type_id) REFERENCES public.django_content_type(id) DEFERRABLE INITIALLY DEFERRED;


--
-- Name: django_admin_log django_admin_log_user_id_c564eba6_fk_users_user_id; Type: FK CONSTRAINT; Schema: public; Owner: postgres
--

ALTER TABLE ONLY public.django_admin_log
    ADD CONSTRAINT django_admin_log_user_id_c564eba6_fk_users_user_id FOREIGN KEY (user_id) REFERENCES public.users_user(id) DEFERRABLE INITIALLY DEFERRED;


--
-- Name: users_cartproduct users_cartproduct_product_id_4aee31b8_fk_clothes_product_id; Type: FK CONSTRAINT; Schema: public; Owner: postgres
--

ALTER TABLE ONLY public.users_cartproduct
    ADD CONSTRAINT users_cartproduct_product_id_4aee31b8_fk_clothes_product_id FOREIGN KEY (product_id) REFERENCES public.clothes_product(id) DEFERRABLE INITIALLY DEFERRED;


--
-- Name: users_cartproduct users_cartproduct_user_id_fd3c7309_fk_users_user_id; Type: FK CONSTRAINT; Schema: public; Owner: postgres
--

ALTER TABLE ONLY public.users_cartproduct
    ADD CONSTRAINT users_cartproduct_user_id_fd3c7309_fk_users_user_id FOREIGN KEY (user_id) REFERENCES public.users_user(id) DEFERRABLE INITIALLY DEFERRED;


--
-- Name: users_user_groups users_user_groups_group_id_9afc8d0e_fk_auth_group_id; Type: FK CONSTRAINT; Schema: public; Owner: postgres
--

ALTER TABLE ONLY public.users_user_groups
    ADD CONSTRAINT users_user_groups_group_id_9afc8d0e_fk_auth_group_id FOREIGN KEY (group_id) REFERENCES public.auth_group(id) DEFERRABLE INITIALLY DEFERRED;


--
-- Name: users_user_groups users_user_groups_user_id_5f6f5a90_fk_users_user_id; Type: FK CONSTRAINT; Schema: public; Owner: postgres
--

ALTER TABLE ONLY public.users_user_groups
    ADD CONSTRAINT users_user_groups_user_id_5f6f5a90_fk_users_user_id FOREIGN KEY (user_id) REFERENCES public.users_user(id) DEFERRABLE INITIALLY DEFERRED;


--
-- Name: users_user_like_list users_user_like_list_baseproduct_id_ad891292_fk_clothes_b; Type: FK CONSTRAINT; Schema: public; Owner: postgres
--

ALTER TABLE ONLY public.users_user_like_list
    ADD CONSTRAINT users_user_like_list_baseproduct_id_ad891292_fk_clothes_b FOREIGN KEY (baseproduct_id) REFERENCES public.clothes_baseproduct(id) DEFERRABLE INITIALLY DEFERRED;


--
-- Name: users_user_like_list users_user_like_list_user_id_25db97b9_fk_users_user_id; Type: FK CONSTRAINT; Schema: public; Owner: postgres
--

ALTER TABLE ONLY public.users_user_like_list
    ADD CONSTRAINT users_user_like_list_user_id_25db97b9_fk_users_user_id FOREIGN KEY (user_id) REFERENCES public.users_user(id) DEFERRABLE INITIALLY DEFERRED;


--
-- Name: users_user_user_permissions users_user_user_perm_permission_id_0b93982e_fk_auth_perm; Type: FK CONSTRAINT; Schema: public; Owner: postgres
--

ALTER TABLE ONLY public.users_user_user_permissions
    ADD CONSTRAINT users_user_user_perm_permission_id_0b93982e_fk_auth_perm FOREIGN KEY (permission_id) REFERENCES public.auth_permission(id) DEFERRABLE INITIALLY DEFERRED;


--
-- Name: users_user_user_permissions users_user_user_permissions_user_id_20aca447_fk_users_user_id; Type: FK CONSTRAINT; Schema: public; Owner: postgres
--

ALTER TABLE ONLY public.users_user_user_permissions
    ADD CONSTRAINT users_user_user_permissions_user_id_20aca447_fk_users_user_id FOREIGN KEY (user_id) REFERENCES public.users_user(id) DEFERRABLE INITIALLY DEFERRED;


--
-- PostgreSQL database dump complete
--

